code,name,board,start_date,end_date,deal_date,price_range,money,luck,price,pe,recommend,blueshoe,可比公司,超购倍数,募资总额,dark_rise,rise,cul_rise,security
1821,ESR,主板,10-22(周二),10-25(周五),11-01(周五),16.2-17.4,3480,100.00%,16.8,30-32,不建议,282.00%,中国物流资产,3.22,105,3.10%,5.36%,1.43%,德银/中信里昂
302,中手游,主板,10-21(周一),10-24(周四),10-31(周四),2.19-2.83,5660,15.00%,2.83,14-18,不建议,30.00%,游莱互动,543.83,13,4.59%,2.12%,42.76%,中金公司/法巴
1847,云南建投混凝土,主板,10-21(周一),10-24(周四),10-31(周四),2.76-3.51,3510,70.00%,3.36,6-7.8,不建议,50.00%,华润水泥,18.46,4.4,-16.67%,-20.83%,-27.98%,中金公司
6855,亚盛医药-B,主板,10-16(周三),10-21(周一),10-28(周一),32.2-34.2,3420,9.00%,34.2,-,尚可申购,30.00%,君实生物-B,751.99,4.16,52.34%,9.94%,7.60%,美银美林/花旗
1692,登辉控股,主板,10-15(周二),10-18(周五),10-25(周五),1.3-1.5,3000,10.00%,1.3,13.7-15.8,尚可申购,-,全达电器,274.49,1.3,-19.23%,-33.85%,-43.85%,同人融资
1871,向中国际,主板,10-11(周五),10-16(周三),10-24(周四),1.28-1.42,5680,1.60%,1.28,21-23.6,尚可申购,-,东方时尚,380.15,1.28,13.28%,-32.03%,-53.91%,信达国际
2606,蓝光嘉宝服务,主板,10-08(周二),10-11(周五),10-18(周五),30.6-39,3900,100.00%,37,16.3-20.7,不建议,37.00%,佳兆业物业,52.89,15,17.84%,15.00%,20.14%,华泰金融/农银国际
1959,世纪联合,主板,09-30(周一),10-11(周五),10-18(周五),1.01-1.23,2460,40.00%,1.08,13.3-16,不建议,-,中升集团,22.16,1.35,7.41%,-28.70%,-47.22%,富强金融
8441,国际永胜集团,创业板,09-30(周一),10-09(周三),10-22(周二),0.32-0.39,3900,30.00%,0.32,10月12日,建议申购,-,中智全球,41.56,0.64,62.50%,0.00%,65.62%,南华金融
1084,绿新亲水胶体,主板,09-30(周一),10-09(周三),10-17(周四),1.16-1.74,3480,100.00%,1.16,10-14.9,不建议,-,豪特保健,1.59,2.32,42.24%,16.38%,11.21%,安信国际
1843,快餐帝国,主板,09-30(周一),10-08(周二),10-23(周三),0.65-0.75,3000,19.49%,0.65,40-46,不建议,-,叙福楼,13.68,1.3,84.62%,-6.15%,-27.69%,力高企业
1846,德视佳,主板,09-30(周一),10-08(周二),10-15(周二),6.2-8.8,8800,30.00%,7.5,53-76,建议申购,45.00%,希玛眼科,42.72,5.5,71.73%,46.67%,32.13%,中银国际
1967,信┲悄,主板,09-30(周一),10-04(周五),10-18(周五),2-2.5,5000,15.01%,2,11-13.8,不建议,-,恒达科技,12.88,1.25,57.00%,70.00%,95.50%,德健融资
1853,春城热力,主板,09-27(周五),10-17(周四),10-24(周四),1.9-2.5,6250,20.00%,2.35,8-10.2,不建议,37.00%,北京控股,98.25,2.6,-2.98%,-6.38%,-12.77%,中银国际
1283,高集团,主板,09-27(周五),10-08(周二),10-18(周五),0.625-0.75,3750,10.00%,0.73,8.8-10.6,尚可申购,-,顺兴集团,81.62,1.45,31.51%,1.37%,-32.88%,Amcap
1582,华营建筑,主板,09-27(周五),10-03(周四),10-16(周三),1-1.4,3500,20.00%,1,7月10日,尚可申购,-,耀高控股,9.87,1.38,128.00%,15.00%,-22.00%,第一上海
1955,庄臣控股,主板,09-27(周五),10-03(周四),10-16(周三),1-1.2,2400,50.00%,1,23-27,尚可申购,-,立高控股,50.03,1.25,48.00%,23.00%,-15.00%,西证国际
8418,傲迪玛汽车,创业板,09-27(周五),10-03(周四),10-11(周五),0.2-0.26,2600,40.00%,0.24,-,不建议,-,中升集团,28.18,0.6,6.25%,93.75%,658.33%,东方证券
3601,鲁大师,主板,09-26(周四),10-02(周三),10-10(周四),2.3-3,3000,20.00%,2.7,7.4-9.7,建议申购,-,豆盟科技,277.36,1.5,38.89%,218.52%,98.15%,国信证券
6110,滔博,主板,09-26(周四),10-02(周三),10-10(周四),8.3-10.1,10100,100.00%,8.5,22-26,不建议,150.00%,宝胜国际,2.39,78,-0.71%,8.82%,11.06%,美银美林/摩根士坦利
1895,鑫苑服务,主板,09-25(周三),09-30(周一),10-11(周五),2.08-3,3000,20.01%,2.08,12.3-17.7,建议申购,-,佳兆业物业,6.01,2.6,12.98%,41.83%,5.77%,东方证券
6820,FRIENDTIMES,主板,09-24(周二),09-27(周五),10-08(周二),1.52-1.96,3920,50.00%,1.52,9-11.5,不建议,150.00%,指尖悦动,7.95,5.016,0.66%,0.00%,-46.05%,国泰君安
1876,百威亚太,主板,09-18(周三),09-23(周一),09-30(周一),27-30,3000,100.00%,27,100-111,不建议,300.00%,青岛啤酒,3.64,367,1.30%,4.44%,8.89%,摩根大通/摩根士坦利
3938,LFG投资控股,主板,09-17(周二),09-20(周五),09-30(周一),1.3-1.7,3400,25.06%,1.68,10.6-13.87,不建议,-,耀才证券,28.42,1.2,-1.79%,-36.31%,-47.02%,力高企业
1960,TBKS HLDGS,主板,09-16(周一),09-19(周四),09-30(周一),0.5-0.6,3000,10.01%,0.5,14.5-17.45,尚可申购,-,震升工程,9.6,1.25,46.00%,60.00%,-54.60%,红日资本
8668,瀛海集团,创业板,09-13(周五),09-18(周三),09-26(周四),0.2-0.24,2400,30.00%,0.24,10.9-13,尚可申购,-,海天地旅,54.9,0.72,-10.00%,0.42%,-31.67%,力高企业
2696,复宏汉霖-B,主板,09-12(周四),09-17(周二),09-25(周三),49.6-57.8,5780,100.00%,49.6,-,建议申购,150.00%,君实生物-B,3.89,32.1,-2.22%,-0.30%,-8.06%,中金/美林/招银/复星/花旗
3928,S&T HLDGS,主板,08-29(周四),09-03(周二),09-19(周四),1.05-1.15,2300,35.01%,1.07,13.15-14.41,尚可申购,-,耀高控股,7.21,1.27,14.95%,14.02%,-1.87%,均富融资
1920,恒新丰控股,主板,08-06(周二),08-09(周五),08-16(周五),0.2,2000,80.00%,0.2,12.9,不建议,-,恒益控股,15.14,1.3,15.00%,-16.00%,-3.50%,均富融资
382,中汇集团,主板,07-04(周四),07-09(周二),07-16(周二),2.48-3.22,6440,100.00%,2.85,13.4-17.4,不建议,150.00%,中教控股,2.42,7,0.00%,0.70%,55.44%,法巴
1073,大禹金融,主板,06-28(周五),07-19(周五),07-26(周五),0.52,2600,100.00%,0.52,16.25,不建议,-,瑞威资本,3.87,1.25,-,-62.02%,1.92%,英皇融资
2558,晋商银行,主板,06-28(周五),07-11(周四),07-18(周四),3.8-3.98,3980,100.00%,3.82,14.6-15.3,不建议,849.00%,青岛银行,0.18,32.7,3.40%,0.00%,-47.91%,建银国际/中金/招银国际
1912,康特隆,主板,06-28(周五),07-09(周二),07-16(周二),0.63-0.68,3400,25.00%,0.65,25-27,不建议,-,天长集团,39.9,1.29,27.69%,6.15%,106.15%,同人融资
1949,PLATT NERA,主板,06-28(周五),07-09(周二),07-16(周二),1.25-1.55,3100,14.01%,1.25,17-21,不建议,-,连成科技,13.67,1.25,30.40%,24.00%,-56.80%,浩德融资
1134,恒发光学,主板,06-28(周五),07-08(周一),07-16(周二),1-1.2,4800,15.00%,1,16-19,不建议,-,金力集团,29.68,1.25,27.00%,6.00%,-15.00%,信达国际
6805,金茂源环保,主板,06-28(周五),07-05(周五),07-16(周二),1.08-1.44,2880,90.00%,1.33,22-29,不建议,-,达力环保,1.96,3.5,-0.75%,-2.26%,-37.59%,申万宏源
1931,华检医疗,主板,06-28(周五),07-05(周五),07-12(周五),3.07-3.68,3680,50.00%,3.07,36-43,不建议,-,盈健医疗,2.21,10.2,-3.58%,0.00%,3.26%,中银国际
1977,安乐工程,主板,06-28(周五),07-04(周四),07-12(周五),1.2,2400,100.00%,1.2,5.3,不建议,-,顺兴集团,7.59,4.2,-15.00%,35.83%,-12.50%,交银国际
2772,中梁控股,主板,06-27(周四),07-08(周一),07-16(周二),5.2-6.68,3340,100.00%,5.55,8.4-10.8,不建议,150.00%,建业地产,1.01,28,-2.88%,7.21%,9.91%,建银国际
6093,和泓服务,主板,06-27(周四),07-03(周三),07-12(周五),1.28-1.56,3120,20.01%,1.28,15.8-19.2,尚可申购,-,佳兆业物业,5.31,1.28,61.72%,34.37%,7.03%,西证国际
8612,维亮控股,创业板,06-27(周四),07-03(周三),07-12(周五),0.4-0.55,5500,35.01%,0.55,30-42,不建议,-,兴铭,28.19,0.825,18.18%,41.82%,3.64%,中毅资本
1839,中集车辆,主板,06-27(周四),07-03(周三),07-11(周四),6.38-8.08,4040,100.00%,6.38,8-10.2,不建议,108.00%,英恒科技,2.74,16.9,-4.39%,-3.76%,-17.40%,海通国际
2180,万宝盛华,主板,06-27(周四),07-03(周三),07-10(周三),9.9-12.6,3150,85.01%,9.9,13.8-17.5,不建议,150.00%,桥英控股,4.67,4.95,10.10%,-1.01%,-7.47%,华泰金控
924,坤集团,主板,06-20(周四),06-25(周二),07-05(周五),0.5,4800,6.83%,0.5,25-30,尚可申购,-,顺兴集团,13.36,1.25,110.00%,132.00%,20.00%,新华汇富
3798,家乡互动,主板,06-18(周二),06-21(周五),07-04(周四),1.35-1.85,3700,60.00%,1.35,7.3-10,建议申购,62.00%,昆仑万维,2.77,4.2,33.33%,26.67%,60.00%,光大新鸿基
1286,鹰普精密,主板,06-18(周二),06-21(周五),06-28(周五),2.8-3.3,3300,100.00%,3,12.5-14.8,不建议,150.00%,苍南仪表,2.72,10,8.67%,0.33%,11.33%,摩根士坦利/中银国际
1701,途屹控股,主板,06-18(周二),06-21(周五),06-28(周五),0.52-0.68,2720,60.01%,0.52,20-26,不建议,-,纵横游,6.2,1.3,-5.77%,-41.35%,-10.58%,创升融资
1901,飞扬集团,主板,06-18(周二),06-21(周五),06-28(周五),1-1.1,2200,50.01%,1.05,18-20,不建议,50.00%,纵横游,19.14,1.3,-0.95%,-6.67%,-8.57%,智富融资
1943,银涛控股,主板,06-18(周二),06-21(周五),06-28(周五),0.5-0.54,2700,100.00%,0.5,13.5-14.6,不建议,-,耀高控股,3.23,1.25,-24.00%,-7.00%,-8.00%,Grande Capital
1930,勋龙,主板,06-17(周一),06-20(周四),06-28(周五),0.8-0.88,3520,40.04%,0.88,12月13日,不建议,-,天瑞汽车,6.01,1.45,29.55%,34.09%,69.32%,BALLAS
1849,创世纪集团,主板,06-13(周四),06-19(周三),06-26(周三),0.65-0.7,3500,25.00%,0.65,22-24,不建议,-,兑吧集团,9.03,1.3,-3.08%,-24.62%,-56.15%,浩德融资
1842,植华集团,主板,06-13(周四),06-18(周二),06-28(周五),0.5,2000,35.00%,0.5,12.5,不建议,-,威诚国际,8.29,1.25,18.00%,14.00%,-15.00%,德健融资
1951,锦欣生殖,主板,06-13(周四),06-18(周二),06-25(周二),7.76-8.54,17080,65.00%,8.54,64-71,不建议,37.00%,康宁医院,99.26,30,17.33%,8.67%,75.64%,摩根士坦利/中信里昂
1769,思考乐教育,主板,06-12(周三),06-17(周一),06-21(周五),3.64-4.68,4680,100.00%,3.68,24-31,尚可申购,37.00%,枫叶教育,1.57,4.5,7.61%,0.27%,175.00%,中信里昂
1935,嘉宏教育,主板,06-04(周二),06-11(周二),06-18(周二),1.5-1.92,3840,100.00%,1.5,13.5-17.3,不建议,12.00%,新高教集团,0.46,6,-1.33%,10.00%,10.00%,麦格理
6117,日照港裕廊,主板,05-31(周五),06-05(周三),06-19(周三),1.37-1.51,3020,100.00%,1.5,12.9-14,不建议,629.00%,青岛港,0.24,6,4.00%,166.67%,-30.00%,中信建投
3692,翰森制药,主板,05-31(周五),06-05(周三),06-14(周五),13.06-14.26,28520,60.01%,14.26,34-37.5,不建议,214.00%,药明康德,11.77,78,15.71%,36.75%,71.46%,摩根士坦利
2189,嘉涛香港控股,主板,05-30(周四),06-04(周二),06-13(周四),0.6-0.64,2560,20.00%,0.6,15.3-16.4,建议申购,-,松龄护老,80.37,1.5,-11.67%,-6.67%,-6.67%,鼎
6811,太兴集团,主板,05-30(周四),06-04(周二),06-13(周四),2.8-3.8,3800,80.00%,3,9.2-12.4,建议申购,20.00%,小南国,15.51,8,-7.00%,-12.00%,-41.67%,交银国际
667,中国东方教育,主板,05-30(周四),06-04(周二),06-12(周三),9.8-12.26,6130,100.00%,11.25,36.84-46,不建议,-,新华教育,0.08,48,-1.33%,-11.82%,-,法巴
3877,中国船舶租赁,主板,05-28(周二),06-04(周二),06-17(周一),1.34-1.42,2840,100.00%,1.34,11.6-12.34,不建议,135.00%,润利海事,0.11,20.5,11.94%,-7.46%,-,中金公司
6055,中烟香港,主板,05-28(周二),05-31(周五),06-12(周三),3.88-4.88,4880,60.00%,4.88,10-12.57,建议申购,30.00%,菲利普莫里斯,102.04,8.1,2.05%,9.63%,-,中金公司/招商证券国际
1905,海通恒信,主板,05-21(周二),05-24(周五),06-03(周一),1.88-2.08,4160,100.00%,1.88,10.4-11.5,不建议,-,富银融资租赁,0.06,23,4.79%,0.00%,-,海通国际/中金/花旗/招银国际
2181,迈博药业-B,主板,05-20(周一),05-24(周五),05-31(周五),1.5-1.95,3900,100.00%,1.5,-,建议申购,150.00%,康诺希生物-B,1.46,11.7,-3.33%,-19.33%,-,中金公司
1521,方达控股,主板,05-17(周五),05-22(周三),05-30(周四),2.55-3.2,6400,50.00%,3.2,37.5-47,尚可申购,-,维亚生物,91.7,16,15.94%,4.69%,-,美银美林/高盛
2060,浦江国际,主板,05-17(周五),05-22(周三),05-28(周二),2.56-3.55,3550,100.00%,2.68,15-21.5,不建议,327.00%,海东青新材料,0.46,6.3,1.12%,1.12%,-,海通国际
3868,信义能源,主板,05-15(周三),05-20(周一),05-28(周二),1.89-2.35,4700,100.00%,1.94,17-21,不建议,150.00%,顺风光电,1.07,36,2.06%,0.00%,-,法巴
1817,慕尚集团,主板,05-15(周三),05-20(周一),05-27(周一),4.68-5.88,2940,100.00%,4.39,8-10.13,不建议,73.00%,杉杉品牌,0.48,8,-3.19%,2.51%,-,瑞信/花旗/招银国际
2230,羚邦集团,主板,04-30(周二),05-10(周五),05-21(周二),0.45-0.53,2650,60.00%,0.45,9.5-11.3,尚可申购,-,雅仕维传媒,15.77,2.24,-8.89%,-31.11%,-,国泰君安
1832,海天地旅,主板,04-30(周二),05-07(周二),05-16(周四),3.54-4.48,4480,100.00%,3.54,14.16-17.9,不建议,-,复星文旅,1.17,3.19,-5.08%,-2.26%,-,交银国际
2346,星宇控股,主板,04-30(周二),05-06(周一),05-16(周四),1-1.22,2440,50.00%,1,8.3-10.2,不建议,-,高鹏矿业,11.38,1.25,6.00%,11.00%,-,西证国际
1903,JBB BUILDERS,主板,04-25(周四),04-30(周二),05-10(周五),1.18-1.38,2760,100.00%,1.18,13.5-15.8,不建议,-,奥邦建筑,1.2,1.47,-24.58%,4.24%,-,同人融资
1873,维亚生物,主板,04-25(周四),04-30(周二),05-09(周四),3.42-4.41,2205,100.00%,4.41,36-46,建议申购,-,药明生物,106.92,15.2,3.17%,0.23%,-,中金
1857,光大水务,主板,04-24(周三),04-29(周一),05-08(周三),2.99-4.35,4350,100.00%,2.99,12.3-17.9,不建议,150.00%,北控水务,2.43,3.1,0.67%,-11.37%,-,中金/光大新鸿基
1753,栋,主板,04-24(周三),04-29(周一),05-07(周二),6-8.1,3240,100.00%,6,27-36,不建议,150.00%,豆盟科技,7.69,6.66,2.50%,0.17%,-,招银国际/汇丰
8635,连成科技,创业板,04-15(周一),04-18(周四),05-02(周四),0.53-0.67,2680,15.00%,0.53,16-20,不建议,-,捷利交易宝,101.3,0.53,77.36%,37.74%,-,东兴证券
1780,B&D STRATEGIC,主板,04-15(周一),04-18(周四),04-30(周二),0.84-1.06,2650,30.00%,0.84,10.5-13.25,建议申购,-,奥邦建筑,11.25,1.3,-7.14%,5.95%,-,均富融资
1906,博尼国际,主板,04-12(周五),04-17(周三),04-26(周五),0.46-0.6,3000,50.00%,0.58,17.7-23,尚可申购,-,卡宾服饰,95.94,1.7,1.72%,0.00%,-,创升融资
6806,申万宏源,主板,04-12(周五),04-17(周三),04-26(周五),3.63-3.93,3144,100.00%,3.63,25-27,不建议,250.00%,中信证券,3.78,90,10.19%,-11.85%,-38.57%,申万宏源/高盛/工银国际/农银国际
1545,设计都会,主板,04-11(周四),04-16(周二),04-25(周四),0.3-0.39,3900,50.00%,0.3,13.6-17.7,尚可申购,-,国际家居零售,55.9,1.5,13.33%,-10.00%,-,西证国际
2660,禅游科技,主板,04-03(周三),04-09(周二),04-16(周二),1.12-1.32,2640,50.00%,1.23,8.8-10.4,尚可申购,50.00%,指尖悦动,47.48,2.1,31.71%,30.89%,-,国泰君安
3321,伟鸿集团,主板,03-29(周五),04-08(周一),04-23(周二),1.4-1.8,4500,16.01%,1.4,22-29,不建议,-,奥邦建筑,7.93,1.75,36.43%,-0.71%,-,红日资本
2718,东正金融,主板,03-25(周一),03-27(周三),04-03(周三),3.06,3060,100.00%,3.06,12,不建议,1353.00%,易鑫集团,0.11,16.3,-1.30%,-9.48%,-,中金公司/瑞信
6185,康诺希生物-B,主板,03-18(周一),03-21(周四),03-28(周四),21-22,4400,100.00%,22,-,不建议,19.00%,君实生物-B,90.83,12.6,33.64%,57.73%,-,摩根士坦利/中信里昂
6819,中智全球,主板,03-18(周一),03-21(周四),03-27(周三),5.32-7.19,3595,100.00%,5.35,39-53,不建议,256.00%,盈健医疗,0.59,4.3,-4.67%,-2.62%,-,中信里昂
1797,新东方在线,主板,03-15(周五),03-20(周三),03-28(周四),9.3-11.1,5550,100.00%,10.2,88-105,不建议,150.00%,科培教育,9.18,16,2.35%,0.00%,-,花旗/摩根士坦利/中金
8537,DOMINATE GP,创业板,03-15(周五),03-20(周三),03-27(周三),0.3-0.34,3400,14.00%,0.3,50-56,建议申购,-,周大福,103.74,0.56,61.67%,35.00%,-,南华金融
1865,管道工程,主板,03-14(周四),03-19(周二),03-27(周三),0.55-0.65,2600,50.00%,0.55,19.6-23,建议申购,-,广骏集团,25.97,1.265,5.45%,20.00%,-,富强金融
2682,润利海事,主板,03-04(周一),03-11(周一),03-18(周一),0.5-0.6,2400,100.00%,0.5,15.4-18.5,不建议,-,海丰国际,0.78,1.25,-26.00%,-44.00%,-,大有融资
3316,滨江服务,主板,02-28(周四),03-08(周五),03-15(周五),5.4-7,3500,100.00%,6.96,21-27,不建议,150.00%,新城悦,7.14,4.65,-1.01%,5.17%,-,中信里昂
3662,奥园健康,主板,02-28(周四),03-05(周二),03-18(周一),3.48-4.3,4300,100.00%,3.66,29.7-36.75,不建议,150.00%,新城悦,6.24,6.4,13.38%,21.58%,-,国泰君安/中泰国际
1563,友联租赁,主板,02-28(周四),03-05(周二),03-15(周五),0.84-1.67,5010,100.00%,0.85,29-58,不建议,-,百应租赁,1.13,4.17,5.88%,-2.35%,-,信达国际
1907,中国旭阳,主板,02-28(周四),03-05(周二),03-15(周五),2.76-3.18,3180,100.00%,2.8,12.3-14,建议申购,150.00%,金马能源,1.19,16.8,0.36%,0.00%,-,国泰君安
1917,豆盟科技,主板,02-28(周四),03-05(周二),03-14(周四),0.4-0.5,5000,20.00%,0.41,22-28,建议申购,-,微盟集团,441.7,0.8,34.15%,53.66%,-,中信建投
1891,兴合控股,主板,02-27(周三),03-04(周一),03-15(周五),0.5-0.62,2480,50.00%,0.5,11月14日,建议申购,-,齐合天地,206.56,1.25,-7.00%,-26.00%,-,申万宏源
8096,赏之味,创业板,02-27(周三),03-04(周一),03-15(周五),0.4-0.7,3500,50.00%,0.7,15-27,建议申购,-,尝高美,146.2,0.875,-5.71%,-32.14%,-,富比投资
1158,开元酒店,主板,02-26(周二),03-01(周五),03-11(周一),13.37-20.05,4010,100.00%,16.5,7-10.5,不建议,-,丽悦酒店,1.45,11,-0.12%,2.30%,-,银河国际/交银国际
1902,银城国际控股,主板,02-22(周五),02-27(周三),03-06(周三),2-2.48,4960,100.00%,2.38,5.8-7,不建议,366.00%,建业地产,0.41,7.4,-0.84%,0.00%,-,工银国际
2108,K2 F&B,主板,02-21(周四),02-26(周二),03-06(周三),0.65-0.75,3000,45.00%,0.75,16-18,尚可申购,-,尝高美,16.4,1.5,6.67%,-10.67%,-,香江金融
1025,嘉艺控股,主板,02-15(周五),02-20(周三),02-28(周四),0.98-1.26,5040,48.56%,0.98,21-27,不建议,-,卡宾服饰,19.3,1.27,-1.02%,8.16%,-,创升融资
2019,德信中国,主板,02-14(周四),02-19(周二),02-26(周二),2.32-3.25,3250,100.00%,2.8,7月10日,不建议,472.00%,龙光地产,0.32,14,-1.79%,0.00%,-,建银国际
2616,基石药业-B,主板,02-14(周四),02-19(周二),02-26(周二),11.1-12.8,6400,100.00%,12,-,尚可申购,150.00%,君实生物-B,7.2,22,8.33%,7.17%,-,高盛/摩根士坦利
1872,冠C控股,主板,02-13(周三),02-18(周一),02-28(周四),0.43-0.47,2350,50.01%,0.43,9月10日,不建议,-,广汇宝信,72.47,0.96,18.60%,46.51%,-,天泰金融
8607,纳尼亚集团,创业板,02-13(周三),02-18(周一),02-26(周二),0.4-0.8,4000,15.00%,0.4,20-40,不建议,-,中国福纺,10.3,0.8,18.75%,10.00%,-,信达国际
1703,首沣控股,主板,01-31(周四),02-08(周五),02-15(周五),0.5-0.75,3750,50.15%,0.5,9.4-14,不建议,-,尝高美,17.68,1.5,4.00%,22.00%,-,申万宏源
1793,伟工控股,主板,01-30(周三),02-15(周五),02-27(周三),0.625-0.75,3000,15.01%,0.625,12-14.5,不建议,-,耀高控股,16.23,1.25,-7.20%,4.00%,-,鼎
8036,电子交易集团,创业板,01-30(周三),02-08(周五),02-19(周二),0.28-0.44,4400,30.00%,0.28,28-44,不建议,-,捷利交易宝,120.99,0.64,32.00%,0.00%,-,RHB
1896,猫眼娱乐,主板,01-23(周三),01-28(周一),02-04(周一),14.8-20.4,4080,100.00%,14.8,-,不建议,150.00%,阿里影业,2.32,19.5,1.62%,-1.08%,-,摩根士坦利/美林
1890,中国科培,主板,01-15(周二),01-18(周五),01-25(周五),2.08-2.7,5400,100.00%,2.48,16-20,不建议,2.60%,新高教集团,1.64,8.7,0.40%,1.21%,-,花旗/建银国际
2013,微盟集团,主板,12-31(周一),01-08(周二),01-15(周二),2.8-3.5,3500,100.00%,2.8,1867-2333,不建议,189.00%,汇量科技,0.79,8.4,14.29%,4.64%,-,德银/海通国际
6162,天瑞汽车内饰,主板,12-31(周一),01-04(周五),01-15(周二),0.25-0.31,2480,25.00%,0.25,12.5-15.5,不建议,-,英恒科技,7.15,1.25,2.00%,-0.80%,-,创升融资
1767,TS WONDERS,主板,12-31(周一),01-04(周五),01-14(周一),0.5-0.55,5500,15.00%,0.5,14.7-16.2,不建议,-,亲亲食品,16.88,1.25,22.00%,26.00%,-,域高融资
2885,彼岸控股,主板,12-31(周一),01-04(周五),01-11(周五),1.25-1.55,3100,50.05%,1.25,14-17,不建议,-,槟杰科达,6.13,1.25,1.60%,-25.60%,-,国泰君安
1785,成都高速,主板,12-28(周五),01-07(周一),01-15(周二),2.2,2200,100.00%,2.2,9.2,不建议,744.00%,齐鲁高速,0.2,8.8,-0.90%,-0.91%,-,中信里昂
2360,优品360,主板,12-28(周五),01-04(周五),01-11(周五),1-1.2,2400,30.00%,1,18.5-22,尚可申购,-,天喔国际,10.92,2.5,28.00%,17.00%,-,力高企业
1851,银杏教育,主板,12-21(周五),01-11(周五),01-18(周五),1.24-1.98,3960,50.00%,1.44,13-21,不建议,-,中教控股,2.62,1.7,0.00%,-6.25%,-,中信建投
8631,申港控股,创业板,12-21(周五),12-28(周五),01-08(周二),0.5-0.7,7000,18.00%,0.6,14-19,尚可申购,-,域高国际,43.4,0.6,0.00%,-17.50%,-,新华汇富
1743,苍南仪表,主板,12-19(周三),12-27(周四),01-04(周五),13.5-18.9,3780,70.01%,15.8,3.4-4.8,不建议,102.00%,中集安瑞科,3.32,2.6,-1.01%,0.00%,-,农银国际
1845,维港环保,主板,12-19(周三),12-24(周一),01-03(周四),0.88-1,3000,70.01%,0.88,33-38,不建议,-,绿色动力环保,2.35,2.75,1.13%,2.27%,-,中银国际
1759,中油洁能,主板,12-14(周五),12-19(周三),12-28(周五),2.8-3.4,3400,30.05%,2.8,6.5-8,不建议,-,域高国际,7.4,1.5,1.07%,1.43%,-,创升融资
1796,耀高控股,主板,12-13(周四),12-18(周二),12-31(周一),1.05-1.25,2500,50.00%,1.05,13-15.6,不建议,-,DCB控股,12.99,1.26,-18.10%,-6.67%,-,均富融资
1713,四川能投,主板,12-13(周四),12-18(周二),12-28(周五),1.76-2.34,4680,100.00%,1.77,13-18,不建议,-,华能电力,0.49,4.72,0.00%,0.00%,-,交银国际
3978,卓越教育,主板,12-12(周三),12-17(周一),12-27(周四),2.2-2.9,2900,100.00%,2.4,22-29,不建议,100.00%,天立教育,1.8,3.6,0.00%,0.00%,-,招银国际
1877,君实生物-B,主板,12-11(周二),12-14(周五),12-24(周一),19.38-20.38,20380,100.00%,19.38,-,不建议,-,百济神州-B,4.79,30,19.20%,22.55%,-,中金公司
1762,万咖壹联,主板,12-11(周二),12-14(周五),12-21(周五),3.56-4.62,4620,60.00%,3.56,-,不建议,-,汇量科技,3.26,2.7,6.46%,-15.73%,-,中金公司/工银国际/麦格理
1820,济丰包装,主板,12-10(周一),12-13(周四),12-21(周五),3.98-4.76,4760,40.02%,3.98,12-14.6,不建议,-,太阳纸业,4.03,2.99,1.76%,0.00%,-,浦银国际
2892,万城控股,主板,12-10(周一),12-13(周四),12-20(周四),1.07-1.33,2660,100.00%,1.2,18-22,不建议,-,建业地产,0.83,2.3,4.17%,5.00%,-,光大证券
1675,亚信科技,主板,12-06(周四),12-11(周二),12-19(周三),10.5-13.5,5400,100.00%,10.5,20.7-26,不建议,643.00%,擎天软件,0.23,8.99,-1.14%,-4.57%,-,中信里昂/花旗
1983,泸州银行,主板,12-04(周二),12-10(周一),12-17(周一),3.15-3.4,3400,100.00%,3.18,9.8-10.65,不建议,494.00%,重庆银行,0.3,17,0.31%,2.20%,-,中信里昂
1995,永升生活服务,主板,12-04(周二),12-07(周五),12-17(周一),1.6-2.08,4160,100.00%,1.78,28-36,不建议,150.00%,新城悦,1.21,6.4,-1.69%,0.00%,-,海通国际
2359,药明康德,主板,12-03(周一),12-06(周四),12-13(周四),64.1-71.5,7150,100.00%,68,51-57,不建议,150.00%,复星医药,1.92,78,-6.18%,0.00%,41.18%,摩根士坦利/华泰金控/高盛
1992,复星旅游文化,主板,11-30(周五),12-06(周四),12-14(周五),15.6-20,4000,100.00%,15.6,-,不建议,496.00%,东瀛游,0.3,33,0.00%,-3.97%,-,jp摩根/中信里昂/花旗
8622,华康生物医学,创业板,11-30(周五),12-05(周三),12-13(周四),0.44-0.64,5120,15.00%,0.5,-,尚可申购,-,迪安诊断,131.52,0.5,2.00%,-6.00%,-,RHB
1860,汇量科技,主板,11-30(周五),12-05(周三),12-12(周三),3.9-5.1,5100,100.00%,4,21.4-28,尚可申购,150.00%,飞鱼科技,1.83,12.5,-7.00%,-0.25%,-,瑞银/招银国际
8621,METROPOLIS CAP,创业板,11-30(周五),12-05(周三),12-12(周三),0.39-0.5,4000,38.00%,0.39,55-71,不建议,-,易鑫集团,37.07,0.78,66.67%,41.03%,-,八方金融
1837,五谷磨房,主板,11-29(周四),12-04(周二),12-12(周三),1.62-2.1,4200,100.00%,1.62,17-22,尚可申购,150.00%,达利食品,1.44,6.82,-4.94%,-12.35%,-,中金公司/民银资本
3992,创毅控股,主板,11-29(周四),12-04(周二),12-11(周二),1-1.1,2200,30.00%,1,13.7-15,尚可申购,-,雅居投资,59.44,1.25,-19.00%,-16.00%,-,第一上海
2798,久泰邦达,主板,11-26(周一),11-29(周四),12-12(周三),0.6-0.96,4800,30.00%,0.68,10.34-16.5,不建议,-,兖州煤业,8.51,2.45,-5.88%,0.00%,-,新华汇富
1119,创梦天地,主板,11-26(周一),11-29(周四),12-06(周四),6-7.8,3120,35.00%,6.6,44-57,不建议,150.00%,指尖悦动,12,8,4.24%,-8.64%,-,瑞信/招商证券/中金
2168,佳兆业物业,主板,11-26(周一),11-29(周四),12-06(周四),9.08-10.88,2720,70.00%,9.38,15.76-18.88,尚可申购,50.00%,新城悦,20.44,3.2,-2.24%,-1.49%,-,中信里昂/农银国际
3668,兖煤澳大利亚,主板,11-26(周一),11-29(周四),12-06(周四),23.48-25.84,2584,100.00%,23.48,22-24.4,不建议,770.00%,中煤能源,0.19,13.96,-3.11%,-0.55%,-,摩根士坦利/招银国际/中银国际
1761,宝宝树集团,主板,11-15(周四),11-20(周二),11-27(周二),6.8-8.8,4400,100.00%,6.8,75-97,不建议,150.00%,聚美优品,1.18,17,5.59%,1.03%,-,摩根士坦利/海通国际/招商证券
1790,达力环保,主板,11-14(周三),11-19(周一),11-29(周四),0.58,2995,40.01%,0.58,9,不建议,-,中滔环保,6.32,1.4,1.72%,-1.72%,-,红日资本
780,同程艺龙,主板,11-14(周三),11-19(周一),11-26(周一),9.75-12.65,5060,100.00%,9.8,92-119,不建议,150.00%,加达控股,2.72,14,15.71%,26.53%,-,摩根士坦利/摩根大通/招银国际
6890,康利国际,主板,10-31(周三),11-08(周四),11-19(周一),1-1.3,2600,60.07%,1.02,8-10.5,不建议,50.00%,全达电器,23,1.51,-0.98%,4.90%,-,广发融资
1835,瑞威资管,主板,10-31(周三),11-05(周一),11-13(周二),5月7日,2800,100.00%,5,10.7-14.9,不建议,-,华兴资本,5.59,1.9,2.00%,4.20%,-,同人融资
2258,华滋国际海洋,主板,10-30(周二),11-06(周二),11-19(周一),1.2-1.56,3120,100.00%,1.22,10月13日,不建议,-,天源集团,1.67,2.5,4.92%,9.02%,-,东方融资
3616,恒达集团,主板,10-30(周二),11-02(周五),11-12(周一),1.02-1.4,2800,100.00%,1.24,7.3-10,不建议,-,建业地产,1.86,3.6,-10.48%,-8.87%,-,光大证券
1755,新城悦,主板,10-24(周三),10-30(周二),11-06(周二),2.9-3.9,3900,100.00%,2.9,28-37.6,不建议,280.00%,雅生活服务,0.36,5.8,2.41%,3.79%,-,华泰金融
8259,HON CORP,创业板,10-22(周一),10-25(周四),11-07(周三),0.5-0.6,2400,40.01%,0.5,8.13-9.8,尚可申购,-,富汇建筑,22.53,0.6,32.00%,40.00%,-,富强金融
1712,龙资源,主板,10-18(周四),10-23(周二),11-05(周一),2.03,2030,100.00%,2.03,-,不建议,-,招金矿业,1.58,1.01,8.37%,3.95%,-,浩德融资
1801,信达生物-B,主板,10-18(周四),10-23(周二),10-31(周三),12.5-14,7000,100.00%,13.98,-,不建议,150.00%,百济神州-B,1.11,32,0.86%,18.60%,-,摩根士坦利/摩根大通/高盛/招商证券
1034,富汇建筑,主板,10-15(周一),10-19(周五),10-30(周二),0.32-0.34,2720,26.00%,0.32,11.2-11.9,不建议,-,奥邦建筑,12.4,1.28,1.56%,43.75%,-,富比
8611,MINDTELL TECH,创业板,10-02(周二),10-05(周五),10-22(周一),0.68-0.88,4400,14.51%,0.62,8.5-11,不建议,-,世纪睿科,8.15,0.7,40.32%,16.13%,-,建泉融资
1825,美臻集团,主板,09-29(周六),10-05(周五),10-19(周五),0.4-0.44,4400,30.00%,0.4,16-17.6,不建议,-,晶苑国际,18.43,0.91,0.00%,-3.75%,-,Amcap
8516,广骏集团,创业板,09-29(周六),10-05(周五),10-15(周一),0.4-0.55,2750,22.50%,0.4,28-39,不建议,-,奥邦建筑,14,0.48,32.50%,87.50%,-,脉搏资本
1653,MOS HOUSE,主板,09-28(周五),10-05(周五),10-19(周五),0.19-0.25,5000,13.00%,0.19,22-28,不建议,-,集一家居,16.61,0.95,65.79%,84.21%,-,Amcap
1741,成志控股,主板,09-28(周五),10-05(周五),10-16(周二),0.625-0.675,2700,40.00%,0.625,20.8-22.5,不建议,-,金仑控股,5,1.25,-0.80%,0.80%,-,富比
8603,亮晴控股,创业板,09-28(周五),10-04(周四),10-15(周一),0.28-0.44,4400,20.01%,0.28,14-22,尚可申购,-,Sisram Medical,13.39,0.56,37.50%,46.43%,-,创升融资
1894,恒益控股,主板,09-28(周五),10-04(周四),10-12(周五),0.8-0.9,4500,25.02%,0.85,11.7-13.3,不建议,-,震升工程,12.48,1.6,-15.29%,3.53%,-,富强金融
8042,高奥士国际,创业板,09-28(周五),10-04(周四),10-12(周五),0.3-0.4,4000,60.00%,0.3,15-20,不建议,-,有才天下,16.23,0.6,-27.33%,-28.33%,-,长雄证券
3990,美的置业,主板,09-28(周五),10-04(周四),10-11(周四),17-21.5,4300,100.00%,17,9-11.7,不建议,591.00%,弘阳地产,0.25,30,-2.35%,-6.59%,-,法巴/中信里昂
6111,大发地产,主板,09-28(周五),10-04(周四),10-11(周四),3.28-4.98,4980,100.00%,4.2,16.8-25,不建议,465.00%,龙光地产,0.32,7.4,-0.71%,0.00%,-,建银国际
8613,东方支付,创业板,09-27(周四),10-03(周三),10-16(周二),0.22-0.3,3000,20.00%,0.22,-,不建议,-,汇付天下,21.67,0.5,38.64%,10.00%,-,Amcap
1772,赣锋锂业,主板,09-27(周四),10-03(周三),10-11(周四),16.5-26.5,5300,100.00%,16.5,9-14.6,不建议,110.00%,天齐锂业,0.58,33,-2.67%,-28.73%,-3.64%,花旗
1939,东京中央拍卖,主板,09-27(周四),10-03(周三),10-11(周四),1.5-1.71,3420,30.02%,1.5,17-19.5,尚可申购,150.00%,保利文化,6.69,1.44,0.00%,4.00%,-,民银资本
1809,浦林成山,主板,09-24(周一),09-28(周五),10-09(周二),5.89-7.5,3750,100.00%,5.89,18.7-23.8,不建议,92.00%,三角轮胎,0.32,7.95,0.00%,-25.64%,-,中银国际
1781,新昌创展,主板,09-21(周五),09-27(周四),10-04(周四),1-1.2,2400,25.00%,1.1,19-23,不建议,-,国际家居,10.25,1.4,7.00%,15.45%,-,智富
1540,澳狮环球,主板,09-20(周四),09-26(周三),10-08(周一),1-1.1,3300,25.00%,1,89-98,不建议,-,环球印馆,10.6,1.05,-2.00%,-16.00%,-,创越融资
8017,捷利交易宝,创业板,09-17(周一),09-20(周四),09-28(周五),0.64-0.8,3200,30.01%,0.64,52-65,不建议,-,财华社,25.86,0.8,3.12%,-27.34%,-,安信国际
1787,山东黄金,主板,09-14(周五),09-20(周四),09-28(周五),14.7-18.38,4595,100.00%,14.7,25.8-32,不建议,1212.00%,招金矿业,0.12,48,0.41%,0.00%,22.99%,建银国际/中信建投/工银国际
1911,华兴资本,主板,09-14(周五),09-19(周三),09-27(周四),31.8-34.8,3480,100.00%,31.8,38-42,不建议,183.00%,中金公司,0.82,27,0.63%,-22.33%,-,高盛/工银国际
6862,海底捞,主板,09-12(周三),09-17(周一),09-26(周三),14.8-17.8,17800,60.01%,17.8,66-80,建议申购,166.00%,呷哺呷哺,5.56,75,8.20%,0.11%,-,招银国际/高盛
1748,信源企业,主板,09-11(周二),09-17(周一),09-26(周三),1.29-1.76,3520,21.37%,1.5,12-16.6,不建议,-,海丰国际,4.76,1.5,20.00%,0.67%,-,兴证国际
1723,港亚控股,主板,09-11(周二),09-14(周五),09-27(周四),1-1.3,2600,45.05%,1,20.8-27,不建议,-,迪信通,6.47,1,68.00%,112.00%,-,创侨国际
3690,美团点评-W,主板,09-07(周五),09-12(周三),09-20(周四),60-72,7200,100.00%,69,-,不建议,300.00%,阿里巴巴,1.5,325,3.62%,5.29%,-,高盛/大摩/美银美林
8619,WAC Holdings,创业板,08-31(周五),09-05(周三),09-17(周一),0.2-0.28,2800,20.01%,0.2,90-127,不建议,-,宝[控股,13.56,0.57,67.50%,245.00%,-,Amcap
2552,华领医药-B,主板,08-31(周五),09-05(周三),09-14(周五),8.28-9.28,4640,100.00%,8.28,-,不建议,301.00%,百济神州-B,0.5,8.67,-0.97%,-1.81%,-,高盛/中信里昂
2680,创升控股,主板,08-31(周五),09-05(周三),09-14(周五),1.3-1.8,3600,70.04%,1.8,20-27,尚可申购,-,耀才证券,99.05,1.8,-21.67%,-43.89%,-,创升融资/国金证券
1969,中国春来,主板,08-31(周五),09-05(周三),09-13(周四),2.08-2.98,2980,100.00%,2.08,14-20,不建议,13.85%,中教控股,1.88,6.24,-5.29%,-16.35%,-,中信里昂
8601,宝[控股,创业板,08-29(周三),09-03(周一),09-13(周四),0.3-0.4,4000,19.16%,0.4,14.3-19,不建议,-,安保工程,13.1,0.8,0.00%,-7.50%,-,新华汇富
1615,奥邦建筑,主板,08-27(周一),08-30(周四),09-10(周一),0.52-0.78,3900,48.53%,0.67,9-13.45,不建议,-,澳能建设,181.49,0.9,0.00%,-5.97%,-,西证国际
8482,万励达,创业板,08-24(周五),08-29(周三),09-05(周三),0.25-0.35,3500,40.00%,0.275,20.3-28.45,不建议,-,健升物流,15.15,0.7,-1.82%,-9.45%,-,华邦融资
8609,永续农业,创业板,08-23(周四),08-28(周二),09-07(周五),0.4-0.5,5000,30.01%,0.5,26.7-33.3,不建议,-,欣融国际,22.1,0.625,-7.00%,-21.00%,-,中州国际
8210,衍汇亚洲,创业板,08-14(周二),08-17(周五),08-27(周一),0.25-0.3,3000,50.00%,0.255,42-50,不建议,-,胜利证券,23.96,0.55,-2.74%,0.00%,-,红日资本
1783,金仑控股,主板,08-07(周二),08-10(周五),08-22(周三),0.45-0.55,5500,15.00%,0.55,15.5-19,尚可申购,-,泓盈控股,723.49,1.1,-10.91%,-10.91%,-,德健融资
1725,恒达科技,主板,08-03(周五),08-08(周三),08-16(周四),1.7-2,10000,10.00%,1.75,15.6-18,不建议,-,建滔积层板,419.73,1.28,-10.29%,-17.14%,-,德健融资
8475,千盛集团,创业板,07-31(周二),08-03(周五),08-13(周一),0.5-0.8,4000,40.00%,0.72,21.6-34.5,尚可申购,-,尝高美,87.03,0.72,2.78%,-29.29%,-,力高企业
6160,百济神州-B,主板,07-30(周一),08-02(周四),08-08(周三),94.4-111.6,11160,100.00%,108,-,不建议,166.00%,歌礼制药-B,1.73,70,-2.22%,-0.93%,-,大摩/高盛
788,中国铁塔,主板,07-25(周三),07-31(周二),08-08(周三),1.26-1.58,3160,100.00%,1.26,96-121,不建议,300.00%,美国铁塔,1.36,543,-0.79%,0.00%,-,中金/高盛
1765,希望教育,主板,07-24(周二),07-27(周五),08-03(周五),1.52-1.92,3840,100.00%,1.92,42-53,不建议,50.00%,中教控股,17.37,32,-5.73%,-2.60%,-,花旗/招商证券
1672,歌礼制药-B,主板,07-20(周五),07-25(周三),08-01(周三),12月16日,16000,40.00%,14,-,建议申购,150.00%,金斯瑞,9.13,32,1.29%,0.00%,-,大摩/高盛/招商证券
1758,博骏教育,主板,07-19(周四),07-24(周二),07-31(周二),1.99-2.36,4720,80.00%,2.36,38-45,尚可申购,30.00%,天立教育,237.71,4.72,19.50%,21.61%,-,中信建投
2048,易居中国,主板,07-10(周二),07-13(周五),07-20(周五),14.38-17.68,5304,100.00%,14.38,50-62,不建议,204.00%,贤能集团,0.73,46,-3.34%,-1.39%,-,中金/瑞信
1739,齐屹科技,主板,07-03(周二),07-06(周五),07-12(周四),4.85-9,4500,100.00%,4.85,-,不建议,1083.00%,礼建德,0.14,11.73,0.00%,-6.39%,-,高盛/中信里昂
3302,光控精技,主板,06-30(周六),07-10(周二),07-18(周三),1.02-1.26,2520,84.98%,1.17,13.5-16.6,不建议,150.00%,富智康,4.7,2.5,5.13%,5.13%,-,光大证券/国元融资
8525,百应租赁,创业板,06-30(周六),07-09(周一),07-18(周三),1.2-1.42,2840,100.00%,1.28,13.2-15.6,不建议,-,富道集团,6.28,0.87,45.13%,7.81%,-,长江证券
8540,胜利证券,创业板,06-30(周六),07-06(周五),07-16(周一),1.06-1.44,2880,50.04%,1.25,12月16日,不建议,-,耀才证券,7.47,0.6,8.00%,4.00%,-,脉搏资本
8606,冠控股,创业板,06-30(周六),07-06(周五),07-16(周一),0.23-0.3,3000,40.01%,0.3,30-40,不建议,-,高萌科技,10.89,0.6,60.00%,133.33%,-,信达国际
1775,精英汇,主板,06-30(周六),07-06(周五),07-13(周五),0.9-1.1,4400,40.01%,1.08,13-16,建议申购,-,21世纪教育,288.65,1.3,23.00%,22.22%,-,鼎
797,第七大道,主板,06-29(周五),07-11(周三),07-18(周三),1.5-2.22,4440,100.00%,1.5,13-19,不建议,165.00%,昆仑万维,0.91,9.99,2.00%,-2.00%,-,广发融资/建银香港
1576,齐鲁高速,主板,06-29(周五),07-09(周一),07-19(周四),2.5-3.1,3100,100.00%,2.5,8.4-10.4,不建议,-,宁沪高速,0.14,12.5,1.20%,-8.00%,-,中泰国际/中信建投
8512,凯富善,创业板,06-29(周五),07-06(周五),07-19(周四),0.28-0.36,3600,80.09%,0.295,-,不建议,-,万成集团,3.57,0.79,52.54%,86.44%,-,天财资本
8547,Pacific Legend,创业板,06-29(周五),07-06(周五),07-18(周三),0.3-0.4,4000,50.00%,0.3,78-104,不建议,-,齐家控股,3.45,0.75,100.00%,0.00%,-,实德新源
1731,其利工业,主板,06-29(周五),07-06(周五),07-13(周五),0.89-1.25,5000,60.00%,0.89,6.1-8.6,不建议,-,时代集团,4.27,2.49,2.24%,25.84%,-,华高和N
2051,51信用卡,主板,06-29(周五),07-06(周五),07-13(周五),8.5-11.5,5750,100.00%,8.5,11.4-15,不建议,171.00%,维信金科,0.88,10,4.71%,7.06%,-,花旗/招商证券
1715,米技国际,主板,06-29(周五),07-05(周四),07-16(周一),0.3-0.36,3600,55.01%,0.3,18-21.6,不建议,-,九阳股份,19.59,1.13,1.67%,5.00%,-,德健融资
1721,FSM HOLDINGS,主板,06-29(周五),07-05(周四),07-16(周一),0.52-0.6,3000,25.01%,0.53,14.85-17.1,不建议,-,善乐国际,9.77,1.3,18.86%,15.09%,-,耀盛资本
1760,英恒科技,主板,06-29(周五),07-05(周四),07-12(周四),2.9-3.33,3330,100.00%,2.9,20-23,不建议,150.00%,瑞丰动力,7.65,7.25,5.51%,0.00%,-,法巴
1996,弘阳地产,主板,06-29(周五),07-05(周四),07-12(周四),2.18-3.18,3180,100.00%,2.28,4.8-7,不建议,830.00%,正荣地产,0.18,18,8.33%,12.29%,-,建银国际/华泰金融/农银国际
1968,兴纺控股,主板,06-28(周四),07-04(周三),07-16(周一),1.1-1.4,5600,20.01%,1.12,5.6-7.1,不建议,-,威诚国际,14.5,1.8,53.57%,156.25%,-,申万宏源
1773,天立教育,主板,06-28(周四),07-04(周三),07-12(周四),2.26-2.66,2660,100.00%,2.66,27.7-32.6,建议申购,150.00%,成实外教育,9.38,13.3,13.53%,19.92%,-,中金公司
3700,映客,主板,06-28(周四),07-04(周三),07-12(周四),3.85-5,5000,100.00%,3.85,8.2-10.6,尚可申购,150.00%,虎牙,2.67,11.64,4.16%,10.65%,-,中金/花旗/德银
8140,人和科技,创业板,06-28(周四),07-04(周三),07-12(周四),0.3-0.4,4000,22.05%,0.3,255-340,不建议,-,华津国际,12.6,0.6,65.00%,63.33%,-,新华汇富
8219,恒伟集团,创业板,06-28(周四),07-04(周三),07-12(周四),0.23-0.27,2700,30.01%,0.25,58-68,不建议,-,时计宝,14.66,0.6,32.00%,98.00%,-,天财资本
1652,福森药业,主板,06-28(周四),07-04(周三),07-11(周三),2月3日,3000,70.00%,2.08,13.8-20.7,尚可申购,-,神威药业,3.58,4,15.87%,22.12%,-,中信建投
1746,万顺集团,主板,06-28(周四),07-04(周三),07-11(周三),0.5-0.6,2400,70.00%,0.52,21-25.6,不建议,-,顺兴集团,46.39,1.27,-1.92%,-30.77%,-,中国银河
8502,远航港口,创业板,06-27(周三),07-03(周二),07-10(周二),0.38-0.42,3360,100.00%,0.38,253-280,不建议,-,大连港,1.02,0.76,1.32%,9.21%,-,同人融资
6860,指尖悦动,主板,06-26(周二),06-29(周五),07-12(周四),2.07-3.27,3270,100.00%,2.07,14.3-22.6,尚可申购,-,IGG,0.76,10.35,0.48%,5.31%,-,中信建投
6190,九江银行,主板,06-26(周二),06-29(周五),07-10(周二),10.48-10.96,2192,100.00%,10.6,11.6-12.18,不建议,545.00%,重庆银行,0.28,37,0.38%,0.00%,-,农银国际/中信建投
1810,小米集团-W,主板,06-25(周一),06-28(周四),07-09(周一),17-22,4400,100.00%,17,65-85,不建议,300.00%,苹果,9.5,370,-5.29%,-1.18%,-,高盛/大摩/中信里昂
8223,紫元元,创业板,06-25(周一),06-28(周四),07-09(周一),0.6-1,4000,30.00%,0.76,20.7-34.5,不建议,-,富道集团,14.62,0.76,88.00%,106.58%,-,国元融资
1763,中国同辐,主板,06-22(周五),06-27(周三),07-06(周五),17.8-24.2,4840,80.01%,21.6,17.3-23.5,建议申购,50.00%,绿叶制药,35.24,16.09,-8.00%,-6.94%,-,中金公司
2262,梁志天设计,主板,06-22(周五),06-27(周三),07-05(周四),0.71-1.05,3150,60.00%,0.88,11.8-16,尚可申购,30.00%,良斯集团,139.39,2.1,20.45%,30.68%,-,东兴证券
1592,基石控股,主板,06-20(周三),06-25(周一),07-04(周三),0.4-0.5,2500,85.00%,0.4,19-23.8,不建议,-,双运控股,18.46,1.2,-8.75%,-30.00%,-,华高
8305,棠记控股,创业板,06-20(周三),06-25(周一),07-04(周三),0.25-0.3,3000,60.00%,0.3,57-68,不建议,-,双运控股,23.72,0.6,8.33%,-18.67%,-,红日资本
6100,有才天下,主板,06-19(周二),06-22(周五),06-29(周五),28.5-35.5,7100,100.00%,33,678-845,不建议,150.00%,前程无忧,2.18,28,-8.49%,-1.52%,-,摩根士坦利/摩根大通
1620,加达控股,主板,06-15(周五),06-21(周四),06-28(周四),0.335-0.425,4250,40.07%,0.36,15-19,不建议,30.00%,纵横游,192.9,1.1,16.70%,-1.39%,-,力高融资
1587,欣融国际,主板,06-14(周四),06-20(周三),06-27(周三),0.75,3000,50.00%,0.75,15.3,不建议,-,天喔国际,90.39,1.275,-6.70%,-22.67%,-,信达国际
1916,江西银行,主板,06-13(周三),06-19(周二),06-26(周二),5.94-6.66,3330,100.00%,6.39,9.6-10.8,不建议,679.00%,重庆银行,0.29,72.6,-6.10%,0.31%,-,建银国际/中信里昂
1749,杉杉品牌,主板,06-12(周二),06-15(周五),06-27(周三),3.28-4.91,4910,27.00%,3.78,7.9-11.9,不建议,-,卡宾,149.24,1.26,14.00%,-7.67%,-,东兴证券
8146,怡园酒业,创业板,06-12(周二),06-15(周五),06-27(周三),0.3-0.4,4000,70.00%,0.35,176-235,不建议,-,王朝酒业,128.8,0.7,15.70%,48.57%,-,西证国际
2003,维信金科,主板,06-07(周四),06-12(周二),06-21(周四),20-23,4600,100.00%,20,27.8-31.9,不建议,147.00%,趣店,9.36,13.7,1.00%,2.25%,-,瑞信/高盛/JPMorgan
1806,汇付天下,主板,06-01(周五),06-06(周三),06-15(周五),6.5-8.5,3400,70.01%,7.5,48-63,不建议,150.00%,中国支付通,9.69,16.88,-8.13%,-11.73%,-,中信里昂/摩根大通
8357,REPUBLIC HC,创业板,06-01(周五),06-06(周三),06-15(周五),0.5-0.6,3000,3.32%,0.6,22-26,尚可申购,-,盈健医疗,150.69,0.78,6.66%,31.67%,-,天泰金融
8403,天平道合,创业板,05-29(周二),06-01(周五),06-12(周二),0.12-0.16,3200,50.01%,0.145,-,尚可申购,-,Mega Expo,116.55,0.7,2.07%,-4.83%,-,RaffAello
1757,俊裕地基,主板,05-23(周三),05-28(周一),06-07(周四),0.3-0.34,3400,30.00%,0.34,14-16,不建议,-,永勤集团,453.84,1.02,7.35%,5.88%,-,德健融资
1451,万成集团,主板,05-21(周一),05-25(周五),06-01(周五),1.2-1.36,2720,40.01%,1.37,14-15,不建议,-,彩星玩具,614.03,0.67,38.06%,2.99%,-,第一上海
6119,天源集团,主板,05-18(周五),05-24(周四),06-01(周五),0.84-1,3000,70.01%,0.85,21-25,不建议,-,大连港,16.88,1.27,-9.41%,-11.76%,-,RaffAello
8545,佰悦集团,创业板,05-18(周五),05-24(周四),05-31(周四),0.25-0.35,2800,9.00%,0.35,22-31,不建议,-,彩星玩具,42.85,0.875,5.71%,14.29%,-,Amcap
8490,骏码科技,创业板,05-17(周四),05-23(周三),05-30(周三),0.42-0.58,2900,40.00%,0.58,22.5-31,尚可申购,30.00%,高萌科技,117.51,0.98,15.52%,3.45%,-,南华金融
1978,叙福楼,主板,05-15(周二),05-18(周五),05-30(周三),1-1.3,2600,55.00%,1.1,33-43,不建议,-,尝高美,979.1,2.2,100.00%,40.00%,-,光大证券
1598,21世纪教育,主板,05-15(周二),05-18(周五),05-29(周二),0.79-1.13,3390,60.00%,1.13,16.8-24,不建议,20.00%,民生教育,108.6,4.07,20.35%,51.34%,-,中信建投
8536,TL NATURAL,创业板,05-08(周二),05-11(周五),05-18(周五),0.4-0.48,4800,40.01%,0.48,-,不建议,-,新海能源,276.03,0.6,16.70%,2.08%,-,智富
8105,皇,创业板,04-30(周一),05-04(周五),05-16(周三),0.4-0.5,2500,100.00%,0.4,14.49-18.12,不建议,-,枫叶教育,35.38,0.8,14.00%,21.25%,-,光大证券
8521,智纺国际,创业板,04-30(周一),05-04(周五),05-16(周三),0.5-0.6,3000,100.00%,0.58,11.9-14.3,不建议,-,新达控股,21.26,0.7,8.60%,12.07%,-,耀盛资本
2119,捷荣国际,主板,04-30(周一),05-04(周五),05-11(周五),1.5-2.19,4380,15.00%,1.98,14.2-20.7,尚可申购,30.00%,英记茶庄,162.94,4.74,8.59%,19.70%,-,中银国际
8391,精雅印刷,创业板,04-30(周一),05-04(周五),05-11(周五),0.6,2400,100.00%,0.6,139,不建议,-,万里印刷,7.94,0.66,16.67%,5.00%,-,建泉融资
1742,HPC,主板,04-27(周五),05-03(周四),05-11(周五),0.4-0.48,2400,100.00%,0.45,3.96-4.75,不建议,-,德益控股,53.2,1.75,-5.56%,-10.00%,-,交银国际
1750,全达电器,主板,04-27(周五),05-03(周四),05-11(周五),0.3-0.38,3800,100.00%,0.3,34-44,不建议,-,泰坦能源,23.4,1.35,1.67%,3.33%,-,Amcap
1752,澳洲成峰,主板,04-27(周五),05-03(周四),05-11(周五),0.27-0.37,3700,100.00%,0.33,24.77-33.95,不建议,40.00%,新华教育,16.94,2.08,3.03%,19.70%,-,银河国际
1833,平安好医生,主板,04-23(周一),04-26(周四),05-04(周五),50.8-54.8,5480,60.00%,54.8,-,强烈建议,60.00%,希玛眼科,654,88,13.00%,0.00%,-,花旗/JP摩根
8107,威诚国际,创业板,04-23(周一),04-26(周四),05-04(周五),0.2-0.24,2400,80.00%,0.225,8.9-10.68,不建议,-,爱世纪,32.2,0.55,2.00%,77.78%,-,智富
8527,聚利宝,创业板,04-20(周五),04-25(周三),05-09(周三),0.5-0.6,3000,70.00%,0.5,-,不建议,-,尝高美,10.8,0.625,44.00%,100.00%,-,大有融资
1671,天保能源,主板,04-16(周一),04-19(周四),04-27(周五),1.74-1.9,3800,20.01%,1.9,7.13-7.79,不建议,30.00%,大唐发电,1593.15,0.73,9.47%,-5.79%,-,东方融资
8151,宝申控股,创业板,04-09(周一),04-12(周四),04-23(周一),0.48-0.52,2600,60.01%,0.48,39-42,不建议,-,汇银家电,321.64,0.5,-4.17%,6.25%,-,信达国际
8511,ZC TECH,创业板,03-29(周四),04-10(周二),04-20(周五),0.55-0.85,3400,50.00%,0.65,12.7-19.7,不建议,-,天宝集团,70.07,0.65,-3.08%,-23.85%,-,RaffAello
8447,MS CONCEPT,创业板,03-29(周四),04-06(周五),04-16(周一),0.23-0.27,2700,60.36%,0.27,20-24,不建议,-,尝高美,26.88,0.675,3.70%,1.85%,-,同人融资
8507,爱世纪,创业板,03-29(周四),04-06(周五),04-16(周一),0.5-0.6,2400,100.00%,0.58,13.77-16.5,不建议,-,晶苑国际,19.9,0.7,0.00%,-15.52%,-,大有融资
1726,HKE,主板,03-28(周三),04-04(周三),04-18(周三),0.45-0.55,2750,20.00%,0.55,11.4-14,不建议,-,创业集团,789,1.1,27.00%,1.82%,-,德健融资
8451,日光控股,创业板,03-27(周二),04-03(周二),04-16(周一),0.25-0.3,3000,61.80%,0.275,45-55,不建议,-,长港敦信,84.66,0.55,20.00%,3.64%,-,智富融资
8241,英记茶庄,创业板,03-23(周五),03-28(周三),04-16(周一),0.48-0.54,2700,10.01%,0.54,14-16,不建议,-,宾仕国际,677,0.48,90.70%,33.33%,-,凯基金融
1735,泓盈控股,主板,03-19(周一),03-22(周四),03-29(周四),1.5,3000,50.01%,1.5,14.7,不建议,-,永勤集团,743.86,0.99,36.00%,0.67%,-,德健融资
8372,君百延,创业板,03-19(周一),03-22(周四),03-29(周四),0.3-0.35,3500,35.06%,0.335,20-23,不建议,-,永胜医疗,253,0.57,32.80%,19.40%,-,国泰君安
2116,江苏创新,主板,03-19(周一),03-22(周四),03-28(周三),1-1.25,2500,40.00%,1.25,11.60-14.5,不建议,-,天洁环境,226.42,1.5,2.40%,-2.40%,-,东方融资
1716,毛记葵涌,主板,03-16(周五),03-21(周三),03-28(周三),1-1.2,2400,0.80%,1.2,7.5-8.96,建议申购,-,电视广播,6289,0.81,575.00%,431.67%,-,长雄证券
8401,源想集团,创业板,03-16(周五),03-21(周三),03-28(周三),1-1.3,2600,30.01%,1.05,16-21,建议申购,-,电视广播,204.74,0.525,13.33%,-15.24%,-,智富融资
2779,新华教育,主板,03-14(周三),03-19(周一),03-26(周一),2.83-3.69,3690,70.00%,3.26,21-27,不建议,50.00%,中教控股,31.77,13.04,-6.44%,0.00%,-,麦格理
8448,环球印馆,创业板,03-13(周二),03-16(周五),03-28(周三),0.2-0.24,4800,30.00%,0.23,52-63,不建议,-,钜京控股,307.6,0.52,60.87%,-0.43%,-,BALLAS
8168,宝积资本,创业板,03-08(周四),03-13(周二),03-22(周四),0.2-0.32,3200,100.00%,0.24,27-44,不建议,-,云锋金融,95.88,0.6,33.33%,12.50%,-,新百利
2377,博奇环保,主板,02-28(周三),03-09(周五),03-16(周五),2.4-3.6,3600,80.00%,2.4,12.9-19.35,不建议,-,国电科环,4.6,9.08,3.33%,-0.83%,-,招银国际
2363,通达宏泰,主板,02-28(周三),03-05(周一),03-16(周五),2.3,5750,20.00%,2.3,18,不建议,-,富智康,275.3,0.87,7.00%,4.35%,-,大有融资
6036,光丽科技,主板,02-28(周三),03-05(周一),03-16(周五),0.4-0.58,2900,30.18%,0.5,10-14.6,尚可申购,-,致丰工业,259,1.25,50.00%,80.00%,-,丰盛融资
1737,亚洲实业,主板,02-28(周三),03-05(周一),03-14(周三),0.3-0.5,5000,38.01%,0.48,6.52-10.86,不建议,-,先达国际,79.96,1.2,10.00%,10.42%,-,富比资本
1815,金猫银猫,主板,02-28(周三),03-05(周一),03-13(周二),2.28-3.28,3280,70.01%,2.38,38.6-56,不建议,6.90%,周大福,5.6,4.62,3.80%,0.42%,-,招商证券
1705,宾仕国际,主板,02-26(周一),03-06(周二),03-14(周三),0.8-1,4000,3.01%,1,11.32-14.15,不建议,-,鸿福堂,2600,1,127.00%,298.00%,-,力高企业
1621,域高国际,主板,02-15(周四),02-26(周一),03-05(周一),0.3-0.5,4000,35.00%,0.35,14.28-23.8,不建议,-,新海能源,46.18,0.85,24.29%,10.00%,-,新华汇富
8483,名仕快相,创业板,02-15(周四),02-22(周四),02-28(周三),0.3-0.35,2800,100.00%,0.31,40-47,不建议,-,AV策略,34,0.62,12.90%,16.13%,-,南华金融
2182,天长集团,主板,02-14(周三),02-28(周三),03-08(周四),0.65-0.75,3000,30.05%,0.71,11.8-13.6,不建议,-,东江集团,577.7,1.09,29.60%,2.82%,-,创升融资
1933,元力控股,主板,02-12(周一),02-15(周四),03-02(周五),0.72-0.96,3840,3.01%,0.95,12.2-16.3,不建议,-,瑞斯康,258.64,0.91,40.00%,61.05%,-,络绎资本
8526,荣丰集团,创业板,02-12(周一),02-15(周四),02-27(周二),0.38-0.42,4200,80.01%,0.38,14-15.6,不建议,-,?发展,23.7,0.55,17.11%,2.63%,-,天财资本
8367,倩碧控股,创业板,02-06(周二),02-09(周五),02-26(周一),0.27-0.33,3300,40.08%,0.275,29-36,不建议,-,尝高美,13.79,0.55,49.00%,0.00%,-,域高融资
1183,澳能建设,主板,02-01(周四),02-06(周二),02-13(周二),1-1.25,2500,60.02%,1.25,18-22.7,不建议,30.00%,濠亮环球,160.8,3.75,-12.80%,9.60%,-,创升融资
8532,宝发控股,创业板,01-31(周三),02-05(周一),02-23(周五),0.25-0.35,2800,70.01%,0.28,27.85-39,不建议,-,双运控股,24.33,0.56,37.50%,46.43%,-,耀盛资本
8040,DCB控股,创业板,01-31(周三),02-05(周一),02-14(周三),0.625-0.875,4375,50.01%,0.75,14.8-20.7,不建议,-,礼建德,31.93,0.6,6.67%,2.67%,-,铠盛资本
8510,Top Standard,创业板,01-31(周三),02-05(周一),02-13(周二),0.35-0.4,3200,100.00%,0.35,38-43,不建议,-,尝高美,16.11,0.7,-2.86%,-5.71%,-,创侨国际
8523,常满控股,创业板,01-31(周三),02-05(周一),02-12(周一),0.4-0.5,2500,60.00%,0.5,16.42-20.5,不建议,-,东盈控股,3.27,0.5,-20.00%,-20.00%,-,络绎资本
8535,萤德控股,创业板,01-31(周三),02-05(周一),02-12(周一),0.17-0.23,4600,20.04%,0.17,13.6-18.4,不建议,-,顺兴集团,33.8,0.51,-10.59%,-20.00%,-,新华汇富
8379,汇安智能,创业板,01-30(周二),02-02(周五),02-14(周三),0.27-0.35,3500,40.00%,0.35,16.46-21.34,建议申购,-,艾伯科技,93.69,0.7,28.57%,2.86%,-,丰盛融资
1729,汇聚科技,主板,01-30(周二),02-02(周五),02-13(周二),0.25-0.5,4000,60.01%,0.5,5.7-11.36,不建议,-,ATLINKS,268.4,2.3,-13.00%,-15.00%,-,富比资本
8522,德益控股,创业板,01-30(周二),02-02(周五),02-13(周二),0.6-0.8,3200,60.05%,0.8,9.52-12.7,不建议,-,龙N集团,35.42,0.74,-16.25%,1.25%,-,创升融资
8473,弥明百货,创业板,01-30(周二),02-02(周五),02-12(周一),0.22-0.27,2700,50.01%,0.27,25.67-31.5,不建议,-,莎莎国际,136.51,0.76,1.85%,3.70%,-,金利丰
3319,雅生活,主板,01-29(周一),02-02(周五),02-09(周五),10.8-14.2,3550,100.00%,12.3,68-90,不建议,50.00%,彩生活,19,41,-11.55%,-23.09%,-,汇丰/华泰金融
8519,佳民集团,创业板,01-29(周一),02-01(周四),02-08(周四),0.3,3000,80.01%,0.3,-,不建议,-,尝高美,84.67,0.645,0.00%,-15.00%,-,创升融资
6829,龙N集团,主板,01-26(周五),01-31(周三),02-08(周四),0.3-0.4,4000,10.06%,0.4,7.6-10.14,不建议,-,永勤集团,1680,1.2,21.25%,3.75%,-,德健融资
8450,钜京控股,创业板,01-23(周二),01-26(周五),02-02(周五),0.2-0.24,2400,40.00%,0.22,19.57-23.5,不建议,-,竣球控股,333.9,0.55,84.00%,15.91%,-,智富融资
1711,欧化国际,主板,01-16(周二),01-19(周五),01-29(周一),0.38-0.62,6200,10.00%,0.56,10月16日,不建议,-,齐家控股,1639,1.12,91.00%,185.71%,-,英皇融资/八方金融
8456,民信国际,创业板,01-12(周五),01-17(周三),01-26(周五),0.62-0.78,3120,16.52%,0.7,23.8-30,不建议,-,晶苑国际,18.6,0.7,14.29%,17.14%,-,同人融资
8395,齐家控股,创业板,01-12(周五),01-17(周三),01-25(周四),0.13-0.17,3400,70.01%,0.156,-,不建议,-,国际家居,27.64,0.61,8.97%,19.23%,-,泛海融资
8136,英马斯,创业板,01-11(周四),01-16(周二),01-25(周四),0.2-0.4,4000,28.01%,0.25,12月24日,不建议,-,?发展,13.96,0.625,108.00%,100.00%,-,新华汇富
2683,华新手袋,主板,01-10(周三),01-15(周一),01-22(周一),1-1.38,2760,80.01%,1.18,7.3-10,尚可申购,17.00%,森浩集团,239,1.18,13.56%,2.54%,-,星展亚洲
8043,ATLINKS,创业板,12-30(周六),01-11(周四),01-19(周五),0.5-0.9,4500,30.01%,0.5,15.4-27.7,不建议,-,TCL多媒体,10.4,0.5,82.00%,140.00%,-,力高企业
2139,甘肃银行,主板,12-30(周六),01-11(周四),01-18(周四),2.61-2.77,2770,100.00%,2.69,11.4-12.1,不建议,150.00%,重庆银行,0.61,59.5,2.60%,7.06%,-,招银国际/建银国际/华泰金融/国泰君安/中银国际
1665,槟杰科达,主板,12-29(周五),01-12(周五),01-19(周五),0.9-1.1,4400,15.02%,1,22-27,不建议,-,深南电路,8.63,4.34,4.00%,-2.00%,-,浩德融资
3699,光大永年,主板,12-29(周五),01-08(周一),01-16(周二),1.3-1.49,2980,80.21%,1.41,15-17.7,不建议,50.00%,SOHO中国,30,1.55,2.13%,0.00%,-,光大证券/农银国际
3309,希玛眼科,主板,12-29(周五),01-08(周一),01-15(周一),2.35-2.9,5800,8.00%,2.9,54-67,建议申购,30.00%,爱尔眼科,1568.3,5.7,71.00%,76.21%,-,招商证券
8371,尝高美,创业板,12-29(周五),01-05(周五),01-17(周三),0.86-1.09,4360,100.00%,0.92,24-30,不建议,-,高门集团,12.33,0.92,-7.60%,-8.70%,-,东兴证券
8513,迎宏控股,创业板,12-29(周五),01-04(周四),01-19(周五),0.6-0.7,2800,75.00%,0.65,24-28,不建议,-,永胜医疗,17.47,0.65,38.46%,4.62%,-,富强金融
6182,乙德投资,主板,12-29(周五),01-04(周四),01-17(周三),0.52-0.68,5440,40.01%,0.65,15-19,不建议,-,信越控股,51.51,1.3,20.00%,3.08%,-,丰盛融资
8479,金泰丰,创业板,12-29(周五),01-04(周四),01-17(周三),0.5,2000,100.00%,0.5,9.4,不建议,-,新海能源,13,0.525,8.00%,24.00%,-,新华汇富
8285,森浩集团,创业板,12-29(周五),01-04(周四),01-16(周二),0.43,2150,100.00%,0.43,32,不建议,-,米兰站,251,0.602,58.14%,1.16%,-,新华汇富
8487,ISP,创业板,12-29(周五),01-04(周四),01-16(周二),0.3-0.4,4000,8.80%,0.35,30-40,不建议,-,致丰工业,10,0.7,14.29%,99.99%,-,新华汇富
8493,龙皇集团,创业板,12-29(周五),01-04(周四),01-16(周二),0.18-0.26,3120,35.00%,0.21,230-333,不建议,-,高门集团,10.84,0.76,4.29%,1.90%,-,富比资本
8350,骏溢环球,创业板,12-29(周五),01-04(周四),01-12(周五),0.375-0.425,3400,30.01%,0.4,25-29,不建议,-,弘业期货,9.08,0.8,5.00%,3.75%,-,同人融资
8509,威扬酒业,创业板,12-29(周五),01-04(周四),01-12(周五),0.55-0.75,3000,20.00%,0.75,23-32,不建议,-,天喔国际,13.5,0.9,13.33%,6.67%,-,创升融资
8287,ZIONCOM,创业板,12-28(周四),01-08(周一),01-18(周四),0.28-0.52,5200,40.01%,0.43,13.3-24.8,不建议,-,中兴通讯,14.04,0.85,12.79%,-12.79%,-,力高企业
2292,晋安实业,主板,12-28(周四),01-08(周一),01-16(周二),1-1.24,2480,100.00%,1.24,3-3.72,尚可申购,-,SOHO中国,23.55,2.23,-1.61%,5.65%,-,凯基金融
6158,正荣地产,主板,12-28(周四),01-08(周一),01-16(周二),3.4-4.08,4080,100.00%,3.99,9.65-11.6,不建议,150.00%,龙光地产,1.79,39.9,-1.75%,0.25%,-,建银国际
8313,杰地集团,创业板,12-28(周四),01-04(周四),01-16(周二),0.26-0.33,3300,25.00%,0.32,16-20.6,不建议,-,LHN,6.79,1.6,1.56%,1.56%,-,光大证券/创升融资
2448,恒宇集团,主板,12-28(周四),01-03(周三),01-16(周二),1-1.4,3500,100.00%,1.2,11月15日,不建议,-,建鹏控股,15.21,2.28,-8.33%,-17.50%,-,创侨国际
8506,中国福纺,创业板,12-20(周三),12-27(周三),01-04(周四),0.18-0.28,3360,100.00%,0.22,14-22,不建议,-,飞霓控股,114.04,0.66,-6.80%,-14.55%,-,安信国际
2025,瑞丰动力,主板,12-19(周二),12-22(周五),01-05(周五),1.6-1.68,3360,60.50%,1.68,11.6-12.19,不建议,-,新晨动力,17,3.36,3.57%,1.19%,-,国泰君安
3738,阜博集团,主板,12-19(周二),12-22(周五),01-04(周四),2.5-3.7,3700,30.01%,2.58,47-70,不建议,150.00%,捷成集团,4.97,2.064,21.70%,20.16%,-,中信证券
8501,庄皇集团,创业板,12-18(周一),12-21(周四),01-04(周四),1.56-2.04,4080,40.35%,1.56,13-17,不建议,-,承达集团,7.56,0.78,0.60%,9.62%,-,光大证券
1730,LHN,主板,12-15(周五),12-20(周三),12-29(周五),1.9-2.36,4720,100.00%,1.9,8.7-10.8,不建议,-,方圆房服,4.93,0.798,28.95%,71.05%,-,富强金融
2708,艾伯科技,主板,12-14(周四),12-19(周二),12-28(周四),1.5-1.8,3600,30.00%,1.5,17-21,建议申购,-,远望谷,13.9,1.5,20.67%,44.00%,-,创升融资
784,凌锐控股,主板,12-13(周三),12-18(周一),12-28(周四),0.45-0.55,5500,60.07%,0.5,13-15.7,不建议,-,守益控股,22.4,1,38.00%,0.00%,-,富比资本
8422,WT集团,创业板,12-13(周三),12-18(周一),12-28(周四),0.22-0.26,2600,48.03%,0.22,23-27,不建议,-,守益控股,10.04,0.55,15.90%,27.27%,-,天泰金融
8485,竣球控股,创业板,12-13(周三),12-18(周一),12-28(周四),0.24-0.28,2800,50.00%,0.25,22-26,不建议,-,万里印刷,8.44,0.625,42.00%,28.00%,-,红日资本
3878,VICON,主板,12-12(周二),12-15(周五),12-22(周五),1-1.2,2400,80.02%,1.2,13-15.9,不建议,-,守益控股,38.25,1.2,12.50%,5.00%,-,创升融资
8419,AV策划,创业板,12-08(周五),12-13(周三),12-21(周四),0.4-0.6,3000,100.00%,0.55,25-38,不建议,-,ECI,21,0.55,7.27%,9.09%,-,铠盛资本
1789,爱康医疗,主板,12-07(周四),12-12(周二),12-20(周三),1.66-2.00,4000,60.00%,1.75,18-22,尚可申购,50.00%,微创医疗,20.49,4.375,0.00%,50.86%,-,高盛
839,中教控股,主板,12-05(周二),12-08(周五),12-15(周五),5.86-7.02,7020,50.02%,6.45,24-29,尚可申购,150.00%,新高教集团,3.01,32.25,-3.10%,-1.86%,-,法巴
1727,河北建设,主板,12-05(周二),12-08(周五),12-15(周五),4.46-5.36,2680,100.00%,4.46,8.6-10.3,不建议,152.00%,宝业集团,0.99,19.31,-4.71%,0.00%,-,中金/招银国际
2022,游莱互动,主板,12-05(周二),12-08(周五),12-15(周五),0.63-0.85,3400,70.15%,0.63,23-31,不建议,-,云游控股,7.91,3.15,4.76%,7.94%,-,中信建投
8377,申酉控股,创业板,11-30(周四),12-08(周五),12-15(周五),0.25-0.375,3750,40.00%,0.375,-,不建议,-,明梁控股,29.43,0.75,1.33%,4.00%,-,华邦融资
1722,建鹏控股,主板,11-30(周四),12-05(周二),12-15(周五),0.4-0.6,6000,25.00%,0.48,16-24,不建议,-,永勤集团,39.77,1.2,-6.25%,-15.62%,-,红日资本
8385,万里印刷,创业板,11-29(周三),12-04(周一),12-13(周三),0.25-0.35,3500,50.01%,0.35,15-22,不建议,-,新兴印刷,37.87,0.7,0.00%,4.29%,-,新华汇富
6090,胜捷企业,主板,11-29(周三),12-04(周一),12-12(周二),3-3.3,3300,80.00%,3.18,15-16,不建议,-,Kakiko,17.76,1.1448,1.57%,1.89%,-,建泉融资
1475,日清食品,主板,11-29(周三),12-04(周一),12-11(周一),3.45-4.21,4210,100.00%,3.54,40-49,不建议,50.00%,康师傅,32.65,9.49,-6.22%,-4.80%,-,野村证券
1417,浦江中国,主板,11-28(周二),12-01(周五),12-11(周一),1.43-2.14,4280,30.01%,1.55,15-23,不建议,30.00%,方圆房服,209.19,1.55,2.58%,3.23%,-,兴证国际
2227,守益控股,主板,11-28(周二),12-01(周五),12-11(周一),0.75-0.85,3400,60.00%,0.85,9.4-10.7,不建议,-,SHIS,111.9,1.785,-15.29%,-18.82%,-,浩德融资
1697,山东国信,主板,11-28(周二),12-01(周五),12-08(周五),4.46-5.43,5430,100.00%,4.56,12月15日,不建议,150.00%,安信信托,1.06,29.5,-9.40%,-3.07%,-,建银国际/交银国际/海通国际
8429,冰雪集团,创业板,11-27(周一),11-30(周四),12-08(周五),0.48-0.6,3000,70.02%,0.55,25-31,不建议,-,新兴印刷,45,0.66,3.60%,3.64%,-,实德新源
8406,合宝丰年,创业板,11-23(周四),11-28(周二),12-07(周四),0.2-0.35,3500,50.00%,0.315,14-25,不建议,-,荣威国际,42.6,0.63,1.59%,31.75%,-,富比资本
8495,1957 & CO.,创业板,11-23(周四),11-28(周二),12-05(周二),0.625-0.875,3500,30.00%,0.63,558-781,不建议,-,翠华控股,364.5,0.5,9.50%,-12.70%,-,铠盛资本
1710,致丰工业,主板,11-13(周一),11-16(周四),11-23(周四),0.52-0.72,2880,30.00%,0.62,7月10日,尚可申购,-,威灵控股,592.97,1.55,10.00%,12.90%,-,铠盛资本
8402,GT STEEL,创业板,11-07(周二),11-10(周五),11-17(周五),0.5-0.7,4200,21.62%,0.54,13-18,不建议,-,SHIS,115,0.64,22.00%,-5.56%,-,域高融资
2858,易鑫集团,主板,11-06(周一),11-09(周四),11-16(周四),6.6-7.7,3850,10.00%,7.7,45-52,强烈建议,43.00%,中升控股,560,67.65,42.00%,5.45%,-,花旗/瑞信
3358,荣威国际,主板,11-06(周一),11-09(周四),11-16(周四),4.38-5.8,2900,60.00%,4.38,13.9-18.4,尚可申购,150.00%,Speedo,6.68,11.59,-4.00%,-24.20%,-,大摩
1975,新兴印刷,主板,11-02(周四),11-09(周四),11-16(周四),1.05-1.45,5800,20.01%,1.38,15-21,不建议,-,汇星印刷,44,1.65,9.00%,0.73%,-,新华汇富
1337,雷蛇,主板,11-01(周三),11-06(周一),11-13(周一),2.93-4,4000,50.00%,3.88,-,建议申购,30.00%,美图公司,291.24,41.24,20.00%,18.04%,-,瑞信/瑞银
8376,方圆房服,创业板,10-31(周二),11-07(周二),11-15(周三),0.55-0.8,3200,60.01%,0.79,12月17日,不建议,-,美联集团,22.33,0.79,22.00%,6.33%,-,RaffAello
8118,濠亮环球,创业板,10-31(周二),11-03(周五),11-16(周四),0.3-0.5,4000,50.01%,0.3,9.33-15.6,不建议,-,雷士照明,5.85,0.6,40.00%,100.00%,-,Amcap
8373,靛蓝星,创业板,10-31(周二),11-03(周五),11-16(周四),0.6-0.8,4000,85.07%,0.6,14-19,不建议,-,璋利国际,1.6,0.6,8.00%,46.67%,-,国泰君安
1706,双运控股,主板,10-31(周二),11-03(周五),11-15(周三),0.4-0.56,2800,70.09%,0.56,9.5-13.4,不建议,-,SHIS,15.19,1.4,44.00%,50.00%,-,德健融资
8400,先锋娱乐,创业板,10-31(周二),11-03(周五),11-15(周三),0.24-0.36,3600,37.83%,0.28,25-37,不建议,-,新濠环彩,12.9,0.7,77.00%,10.71%,-,西证国际
8375,弘浩国际,创业板,10-31(周二),11-03(周五),11-13(周一),0.25-0.3,3000,30.01%,0.3,22-26,不建议,-,中铝矿业,9.86,0.6,67.00%,93.33%,-,域高融资
2122,凯知乐,主板,10-31(周二),11-03(周五),11-10(周五),1.5-2.2,4400,5.06%,1.55,13-20,不建议,150.00%,童园国际,11.3,3.1,24.00%,-3.87%,-,海通国际
8426,雅居投资,创业板,10-31(周二),11-03(周五),11-10(周五),0.3-0.38,3800,25.05%,0.3,18-22.8,不建议,-,彩生活,9.45,0.6,30.00%,5.00%,-,BALLAS
1720,普天通信,主板,10-27(周五),11-01(周三),11-09(周四),0.51-0.95,3800,7.51%,0.66,9-16.8,不建议,-,中国光纤,9.86,1.815,95.00%,99.99%,-,浦银国际
772,阅文集团,主板,10-26(周四),10-31(周二),11-08(周三),48-55,11000,7.72%,55,87-100,强烈建议,45.00%,掌阅科技,625.95,83.25,63.00%,86.18%,-,大摩/美林/瑞信
2232,晶苑国际,主板,10-23(周一),10-26(周四),11-03(周五),7.3-8.8,4400,100.00%,7.5,21.5-26,不建议,150.00%,申洲国际,9.38,38.2,4.70%,5.20%,-,大摩/汇丰
8436,德宝集团,创业板,10-13(周五),10-18(周三),10-27(周五),0.65-0.69,3450,60.00%,0.69,19-20,尚可申购,-,华熙生物,430.49,0.69,5.80%,-10.14%,-,力高企业
8430,春能控股,创业板,10-06(周五),10-11(周三),10-18(周三),0.4-0.6,3000,100.00%,0.44,13.3-20,不建议,-,骏高控股,20,0.704,13.64%,2.27%,-,域高融资
2225,Kakiko,主板,10-04(周三),10-10(周二),10-17(周二),0.52,2600,75.01%,0.52,16.9,不建议,-,桥英控股,169.41,1.599,7.69%,5.77%,-,德健融资
6080,荣智控股,主板,10-03(周二),10-09(周一),10-20(周五),0.38-0.52,3120,50.01%,0.52,14.7-20,尚可申购,30.00%,高丰集团,307.5,1.17,3.85%,0.00%,-,德健融资
8470,莹岚集团,创业板,09-29(周五),10-11(周三),10-25(周三),0.33-0.47,3760,60.00%,0.46,16.1-23,尚可申购,-,中国消防,44.56,0.69,2.17%,0.00%,-,创侨国际
8476,大洋环球,创业板,09-29(周五),10-10(周二),10-19(周四),1.08-1.28,2560,100.00%,1.22,17.5-20.7,不建议,-,亚洲杂货,24.5,0.854,8.20%,0.82%,-,创升证券
2337,众诚能源,主板,09-29(周五),10-09(周一),10-16(周一),2.18-2.78,2780,100.00%,2.68,12.5-16,建议申购,-,新海能源,58.63,1.57,2.99%,13.43%,-,广发融资
8457,健升物流,创业板,09-29(周五),10-06(周五),10-18(周三),0.25-0.35,3500,50.00%,0.3,12-16.9,不建议,-,骏高控股,247,0.6,21.67%,26.67%,-,创侨国际
8065,高萌科技,创业板,09-29(周五),10-06(周五),10-16(周一),0.48-0.72,3000,10.01%,0.6,14.4-21.7,建议申购,-,怡康泰,1068,0.6,71.67%,45.00%,-,新华汇富
8392,舍图控股,创业板,09-29(周五),10-06(周五),10-16(周一),0.2-0.24,2200,100.00%,0.22,19.4-23.3,尚可申购,-,敏华控股,82.28,0.55,22.73%,11.36%,-,耀盛资本
8480,飞霓控股,创业板,09-29(周五),10-06(周五),10-16(周一),0.5,2000,100.00%,0.5,20,建议回避,-,尚捷集团,161.6,0.63,18.00%,28.00%,-,申万宏源
8437,德斯控股,创业板,09-29(周五),10-06(周五),10-13(周五),0.4-0.48,3840,50.00%,0.48,15.5-18.6,建议申购,-,华润凤凰,43.63,0.72,16.67%,41.67%,-,络绎资本
6060,众安在线,主板,09-18(周一),09-21(周四),09-28(周四),53.7-59.7,5970,100.00%,59.7,6974-7753,强烈建议,75.00%,中国财险,391.74,118.98,14.91%,9.21%,,
